Phylum,Class,Order,Family,Genus,Species,F3A1,F3A2,F3A3,F4A1,F4A2,F4A3,F5A1,F5A2,F5A3,F6A1,F6A2,F6A3,F3B1,F3B2,F3B3,F4B1,F4B2,F4B3,F5B1,F5B2,F5B3,F6B1,F6B2,F6B3
Pseudomonadota,Alphaproteobacteria,Hyphomicrobiales,0.004507059799317799,Allorhizobium,Allorhizobium undicola,0.01606982822445433,0.04435017178300708,0.006929725374185427,0.014314118027880416,0.0016498213783180758,0.004201061434171011,0.001295468299583081,0.019233916028693957,0.007846014246450551,0.007626744179729733,0.006401952577561068,0.00024671110375228957,0.007791455521619903,0.007142027242488907,0.0037765946323527863,0.005021141957998919,0.0011735851133830803,0.03957482987817144,0.012563076082037411,0.00932800491371104,0.0018613181279422747,0.013948826104855493,0.011385331725506858,0.009534431476092313
Pseudomonadota,Alphaproteobacteria,Sneathiellales,0.003963004938556507,Oceanibacterium,Oceanibacterium hippocampi,0.005166148110325881,0.013242704995411855,0.03870116440036775,0.0012182414927299015,0.02582467195277918,0.004935604783372008,0.01737006052730888,0.004225518807493507,0.0207790292260439,0.014925523379473955,0.008668576166374533,0.009025533773614704,0.011311224496267274,0.007838292313838554,0.0055927945600890315,0.00399118935598523,0.00809802357465112,0.0073853893680155235,0.0004971297022734753,0.011037926851417648,0.0077544427842562115,0.020165174420575104,0.014369154433419865,0.0026318876662414807
Acidobacteriota,Terriglobia,Bryobacterales,0.010592059648660525,Paludibaculum,Paludibaculum fermentans,0.009419585095804511,0.0014067345760482121,0.0013704138456988682,0.01711768326209967,0.003319618676524782,0.006060894516609041,0.0007808376731472049,0.011935585666104446,0.005443684909430452,0.0012568567335059866,0.0034490525652719063,0.015003216231822615,0.004757218043516494,0.010854359024471573,0.010181684667175964,0.027020547876644964,0.00431368352343336,0.005405306666086423,0.003378658083047916,0.004158359455507979,0.011070727909133675,0.010877814420656615,0.0017402145831114859,0.012070963030600016
Bacteroidota,Flavobacteriia,Flavobacteriales,0.0011728361890394375,Paenimyroides,Paenimyroides cloacae,0.02044408036096357,0.0025281066099188064,0.014116631298519932,0.0049848792599090554,0.045297884142736736,0.00361304786836215,0.003655756529575998,0.008723632139147872,0.0020079058691851595,0.0036205417873882723,0.0011405126152703165,0.028923417493030002,0.013520564183423714,0.0037757082388058237,0.0026147995729515197,0.0009756275948208764,0.0237447438144788,0.003850592738513747,0.01603768585821163,0.012215852943553956,0.007224489396647512,0.013011476634007396,0.002628502680773563,0.00567723039965204
Pseudomonadota,Betaproteobacteria,Burkholderiales,0.022116873196780223,Caballeronia,Caballeronia grimmiae,0.000690761868415758,0.023132765275849853,0.019667600169746134,0.005135547228793428,0.0077674470001616895,0.0013835015770463262,0.027621381193731247,0.013919378997090127,0.024920243452904747,0.01940915981893575,0.025643420575365117,0.003981166593020575,0.010611014447464357,0.007252700697577515,0.04288385766261883,0.012473523113854844,0.007423313867467995,0.005820051437767696,0.010164281342105395,0.011481044455127688,0.0006239225892306445,0.009771964786438162,0.004377194384934354,0.0058779155965299765
Chloroflexota,Ktedonobacteria,Ktedonobacterales,0.00362126734169511,Dictyobacter,Dictyobacter arantiisoli,0.019140554842619763,0.017428331603049713,0.0030546524181681153,0.028598178722647277,0.00040349739252765285,0.003216402951286424,0.004782056321982149,0.0002772485328536309,0.00332335949629951,0.0005414212376784619,0.005506597022443049,0.010144895056651344,0.013318720530723078,0.00534853524170404,6.126899084794824e-05,0.008811527572449839,0.0031420334156052753,0.012617097966755631,0.018932415008459186,0.020768709460379686,0.0014096305589559276,0.008652221123330344,0.008691108558663473,0.03758743385681461
Bacillota,Clostridia,Lachnospirales,0.008759419992173893,Mobilisporobacter,Mobilisporobacter senegalensis,0.0023025335989267943,0.0002759827355307134,0.04429219172374318,0.007856931551754806,0.015731640081191278,0.0006443847496105076,0.0004325751159009347,0.005214454250991897,0.013166508091347968,0.006262377492631872,0.004239314428946627,0.007913481424669336,0.015581161246699492,0.003967016875654722,0.007697485651389631,0.021630821109974496,0.002852308399194546,0.00027859715724898174,0.009121724758885445,0.005893474465587449,0.00035069229614411715,0.025174686862578236,0.02006577104352807,0.004480687426087996
Bacteroidota,Sphingobacteriia,Sphingobacteriales,0.008551067807445105,Pedobacter,Pedobacter panaciterrae,0.003311114469256613,0.002578471219901348,0.015765206346147278,0.0036976500645214314,0.003155192019274709,0.016076621826044184,0.009995058361757602,0.005045127509962395,0.020600038507605695,0.0023548042087414033,0.0006760338705028445,0.007047750470659168,0.021565927151900727,0.010242518339899963,0.001443917939378875,0.0011190347391756362,0.0017237770206443512,0.004199846289084939,0.017159683485010672,0.025069899612439182,0.00018033842423903406,0.007265464516989416,0.003601011607494944,0.016402739030981217
Bacteroidota,Cytophagia,Cytophagales,0.01392639249347182,Adhaeribacter,Adhaeribacter terreus,0.009405960466456559,0.009125430970313337,0.009219951110662386,0.004184983783778529,0.06894545376853439,0.008382952997343698,0.02272467424154495,0.004901426757156508,0.000121148265314164,0.037563774885729394,0.017364888822511578,0.0031723030630774057,0.022568365725725514,0.0012516212969815043,0.004681338712464358,0.00033338999265384477,0.025904928133657662,0.0016942047719451809,0.014211836201115366,0.0007082216534621071,0.006009398328263959,0.017286387851548488,0.011761673433166924,0.022173296111966122
Cyanobacteriota,Cyanophyceae,Oscillatoriales,0.025033018270439234,Oscillatoria,Oscillatoria acuminata,0.045827497651732337,0.01319325275019087,0.0018400441933946866,0.001322771699608882,0.00881620510741331,0.002337371016217551,0.0035273611265939147,0.02931050622933359,0.009083200835200516,0.0001242891046546987,0.009675012455644366,0.016782787925467026,0.008443319278270465,0.008375323978196238,0.05034898676479738,0.011061902502194325,0.003405161343505938,0.03133745977291963,0.000413738018487783,0.008893224264787369,0.002191262722815593,0.019443997047308446,0.006073955530884144,0.016729873847622093
Bacteroidota,Chitinophagia,Chitinophagales,0.01222104361709739,Filimonas,Filimonas lacunae,0.0068365504363433836,0.026144316347264204,0.005479291023393425,0.002282568573008891,0.005270005161483273,0.03353717674496141,0.0034354454682182177,0.013781133121223385,0.003559578945332552,0.008657158679439357,0.046676062050041336,0.009434049225859728,0.005455568853567751,0.00011010727592810997,0.017473262527192883,0.0033361148845011176,0.010544280153354886,0.0034719942997697224,0.002428618842916041,0.014736737078758649,0.05244382387239959,0.01263086355406484,0.012662663647571007,0.017791296544780864
Mycoplasmatota,Mollicutes,Entomoplasmatales,0.04451544468299997,Spiroplasma,Spiroplasma corruscae,0.001095052959393744,0.0051688779629464054,0.008552594827638255,0.024813526787785915,0.02806923869004526,0.018796580371044643,0.017856531390835356,0.008650541372066134,0.010491604454242168,0.014896676109017763,0.002395534596077575,0.031749536528131984,0.011671745656217574,0.006064804596357799,0.002624339204918359,0.0003683007466818734,6.674677379007619e-05,0.0007871207085721467,0.0069107992658343775,0.006946931224922986,0.0023281480490023967,0.03402925345467881,0.012904861852701672,0.0019233510192548024
Campylobacterota,Epsilonproteobacteria,Nautiliales,0.011545523716906054,Caminibacter,Caminibacter profundus,0.005791950623813041,0.006006572579879534,0.0019514392714934463,0.0022704004938263115,0.002620779566375814,0.009477775808227562,0.013367452287874304,0.008537177916523257,0.033655124209072435,0.0031893918652074805,0.004931461651360911,0.009516531625594574,0.008264794792174606,0.024708900535847914,0.009880246743768624,0.01685779696443153,0.0028996432145216803,0.0019778178877380916,0.004025389547285618,0.006014993539592508,0.007653452440187003,0.0007403263146089212,0.011412646201305186,0.006746679194813908
Campylobacterota,Desulfurellia,Desulfurellales,0.014847172604914017,Desulfurella,Desulfurella acetivorans,0.028026228914650494,0.03494601229176173,0.02629367102783981,0.005885555182173234,0.003105975409935067,0.017217626511210678,0.007465362897322062,0.009837778856535225,0.011202597034068089,0.006286067504652033,0.005999404260202771,0.010844688948907557,0.007249939348161477,0.03745130782974142,0.011063834650713368,0.021410885356399473,0.010726555505606956,0.03269438898120656,0.011457330761680788,0.010360777322401392,0.004440794109170322,0.0037829215974741273,0.014171540083415242,0.0015297192588720383
Thermodesulfobacteriota,Desulfuromonadia,Geobacterales,0.009083523838189084,Trichlorobacter,Trichlorobacter lovleyi,0.00041592009957996435,0.023580722214354057,0.029015702895211996,0.0016406427204596328,0.007223110448983161,0.0012015481026908471,0.008539725335739897,0.013298876493374303,0.019267731254899615,0.012719390172355592,0.011865658339279616,0.0006601143505215915,0.0037794718939182536,0.013898908537442804,0.005853041990754949,0.008116113800987923,0.026471852256425586,0.01133577713692603,0.007890990461914488,0.013609161512836004,0.015948022230206294,0.008624367563308017,0.008654500031902726,0.0026076585410970635
Bacillota,Negativicutes,Selenomonadales,0.020727668303185846,Sporomusa,Sporomusa sphaeroides,0.009852761573288757,0.011932886962184539,0.014495063565168635,0.013314148285768535,0.004783535323381516,0.012500694152248946,0.0003674737735408413,0.0020343898568606347,0.016249064094845087,0.024407492419220432,0.02699149782196526,0.02224330275206667,0.000983262861452864,0.017183640618522913,0.0012880780334112757,0.009441197303435005,0.022220572838557516,0.003036534900641141,0.0023393280992189654,0.004935569821937722,0.026684504508442973,0.013031538830265303,0.012210686580628197,0.005094328882602153
Pseudomonadota,Alphaproteobacteria,Hyphomicrobiales,0.01120498614684786,Hyphomicrobium,Hyphomicrobium facile,0.006710855630856533,0.004023800583207314,0.003991956779998867,0.014556816381896,0.002414895640970582,0.0024144182007991132,0.0009786507590196193,0.001709318742789938,0.021682181972077576,0.009809957726735147,0.008767169853396367,0.0006332503616793656,0.006901655971982966,0.011954707836034481,0.014491612449796337,0.000385587393731458,0.008491374430865563,0.0009979683461917156,0.015109438569530963,0.004965570828268501,0.00445506817724704,0.0070189224266581016,0.007266715576356333,0.01124359066308499
Bacteroidota,Chitinophagia,Chitinophagales,0.003751330659236953,Lacibacter,Lacibacter nakdongensis,0.006113961588740847,0.00418714101983744,0.006716725719997161,0.033029447819551895,0.00021787660945165831,0.009831132688731864,0.012517890705076183,0.019583629010328365,0.0005105549839663794,0.021479349826479564,0.014632006433357356,0.019094298338626404,0.002972140188444046,0.004249396408439393,0.025988942178810353,0.004440711971471901,0.004047260377273251,0.006173871171825108,0.005346495845998241,0.05713881243905325,0.002732064310031374,0.00140887581248921,0.0025393955477377122,0.013905892144266213
Campylobacterota,Epsilonproteobacteria,Campylobacterales,0.016793598636548418,Helicobacter,Helicobacter cholecystus,0.01534211552610731,0.00582154933267184,0.018315751302241345,0.017929670176355616,0.010978680822715142,0.013079504148520294,0.007754687229756343,0.00666058922299176,0.002309792929898378,0.025196917779953577,0.00817016507655521,0.006773895529688393,0.02698982247267388,0.01487216182908531,0.0057268188981154195,0.004554144842273343,0.006451612586255167,0.0031602377659358323,0.0016080771895420137,0.002342280212301784,0.02033585752451628,0.0005111245097895116,0.0058959946241679256,0.0028532510869790756
Pseudomonadota,Gammaproteobacteria,Pseudomonadales,0.0009892648499027084,Pseudomonas,Pseudomonas putida,0.0022505340152964804,0.012209466174921501,0.004672795471224347,0.0372895092685874,0.005132187038065035,0.006163352795205066,0.0023123614564858996,0.001353778534753468,0.00830126881076318,0.0035921410511065366,0.017156914123498138,0.002787007649288955,0.06378843912837591,0.01679785545147054,0.010075630590635855,0.005889350268915085,0.009243401511055708,0.008585859946163786,0.02503708217556371,0.002199057782963238,0.005762083458998932,0.0009430509573953859,0.015137043978585884,0.01230622353998013
Cyanobacteriota,Cyanophyceae,Nostocales,0.002517823425001181,Kryptousia,Kryptousia macronema,0.01041352811960452,0.003703238440938309,0.037534916649828505,0.021891676785699327,0.007742308845804084,0.004966661492175346,0.0023702332638360895,0.012259232911815991,0.006086242700889766,0.00021768640380299219,0.016682155080235128,0.012290617394679272,0.046153450880043516,0.0035057277413682785,0.0030578656978351728,0.032319429802966454,0.017275714558158232,0.005252439169291825,0.0011998898149304168,0.01545717022898837,0.017979331248272213,0.01259102459151921,0.0009540871070249907,4.028172903506987e-05
Pseudomonadota,Gammaproteobacteria,Lysobacterales,0.019692547481678868,Lysobacter,Lysobacter silvisoli,0.004537532848363174,0.002720014420822006,0.019457639896409893,0.004870754576030491,0.007333270800825859,0.01096871697869194,0.014512368631377335,0.0027667888910918263,0.004973419016863707,0.0176562719204117,0.012712740934491854,0.004189546341843686,0.00977525039244147,0.005198719311538346,0.00249623374590042,0.0014311498891079236,0.0017754719038423788,0.015818693241616784,0.00026545238548255224,0.017451539568269434,0.009378640009879646,0.004214978058071053,0.021451900881417626,0.002100512731170025
Bacillota,Bacilli,Bacillales,0.008504785815462934,Swionibacillus,Swionibacillus sediminis,0.00019694426867811134,0.015781109921621152,0.0070855500554043395,0.02917511675531805,0.009118250718069057,0.0060359491407498125,0.006538453713657948,0.011402733372212984,0.05670768047029035,0.02105452066092185,0.012489302230049215,0.00032383910377033334,0.010590861286619704,0.0035061331260258645,0.01359316074885193,0.010229094100248984,0.018859877886670384,0.005542152457490255,0.007303313937686153,0.003237725418863035,0.0073375842980635455,0.006418506966098672,0.009875943784433294,0.014901052667231506
Pseudomonadota,Gammaproteobacteria,Pseudomonadales,0.003633020001605905,Stutzerimonas,Stutzerimonas kunmingensis,0.008926497291663293,0.004817099198429234,0.004593266667102839,0.007720092829639536,0.0003549008732510619,0.003932026685847466,0.008759430542880088,0.019088398854378283,0.009035430313052718,0.004239879366836066,0.010573384806860441,0.001939765744609034,0.005314794656164296,0.018952262009709796,0.006203316868196985,0.014586283254527328,0.0028440712372668694,0.006612482993424395,0.004466741207654778,0.006006869575782933,0.004243685756716086,0.01007257997314281,0.0026637794169435307,0.00577941950068647
Bacillota,Clostridia,Lutisporales,0.003998251401529528,Lutispora,Lutispora thermophila,0.00893511282393052,2.3637778662080148e-05,0.0034502278011486515,0.006354230305412149,0.003800694397248891,0.005993894544344234,0.002033548896913583,0.012617768623484332,0.00845776565454465,0.00266554488996935,0.013934181086008142,0.008038996566700393,0.003226956527128846,0.007657141320975295,0.0005434724674952929,0.014255080398344581,0.0031209012190681305,0.0020464411108630214,0.0006218860069400665,0.0009478436203224391,0.006053920340945491,0.001335395698620261,0.017289101861496448,0.01713289617571614
Pseudomonadota,Betaproteobacteria,Burkholderiales,0.004813890582892504,Caenibaculum,Caenibaculum baiyandianus,0.00019537554503225058,0.0009227389041094332,0.0014522517906714108,0.01710260474605194,0.008632991374133517,0.005165716177202267,0.0003408849460881981,0.010984232321970934,0.015473035927489406,0.007836792397269665,0.04335744840152714,0.006270138652817198,0.020442919004735872,0.0025057710830048608,0.0076930920274910115,0.003419367479681476,0.024466585829138906,0.0003650975555843061,0.004659631582166681,0.0029210569367265457,0.018796950934534522,0.00941141549584378,0.025946950077946538,0.004521628754233197
Bacteroidota,Sphingobacteriia,Sphingobacteriales,0.00511195202304549,Pedobacter,Pedobacter humicola,0.00019190764405918376,0.004812751573082543,0.0011696446329781441,0.001624831464893774,0.005881408252963137,0.013865311858500004,0.0007921736858568447,0.0034408626233038506,0.0006679090635052395,0.004880033731521436,0.008441995430669662,0.004228957316886284,0.0004899867556503022,0.0040265128349391294,0.012015528191054994,0.02601617771900665,0.01945273212871356,0.004186181304442977,0.02252639575686924,0.054668793069711015,0.0002464949461559161,0.012226326837340073,0.0034054279812797297,0.0004174087208013961
Bacteroidota,Chitinophagia,Chitinophagales,0.010166493775431964,Taibaiella,Taibaiella chishuiensis,0.00011553054995842029,0.0036627682457221647,0.010328693833913357,0.0054315268020200674,0.017427481255314348,0.030778417110985914,0.03091215443861799,0.01041910470484532,0.010955973923454758,0.014951793633588617,0.005270113582187682,0.009260982287942848,0.01461840457153088,0.029728476512685877,0.002577268828638936,0.0003474415392146123,0.0297207184841188,0.008124987908217692,0.0026563032327625857,0.003604786159023743,0.00961996953528891,0.00013018482680115715,0.02520210837888007,0.007859854693829351
Bacillota,Bacilli,Lactobacillales,0.008561330671508452,Weissella,Weissella cibaria,0.015199736073412804,0.001670191714091734,0.0010040843995389411,0.02174654732097252,0.0031680255686967846,0.00018953369480134661,0.007140430589965132,0.019377540454146764,0.0003872158550905637,0.012985582833635139,0.010032162177769635,0.007179437929977772,0.006268869028305867,0.011673199394718396,0.023240262803979832,0.009934143754285512,0.002579349634650507,0.0024013937478974457,0.02505844520988355,0.00550497700418336,0.0034171925665150648,0.008461748945078031,0.001381662751052284,0.0007783683788205297
Pseudomonadota,Alphaproteobacteria,Sphingomonadales,0.01046399697305631,Novosphingobium,Novosphingobium arabidopsis,0.010315691530442168,0.003073043648760034,0.0006657038722009589,0.009469184445932156,0.03297358293270688,1.4099697955621785e-05,0.003622590476455844,0.0011677457796766162,0.004003479475806701,0.02309196754497178,0.0013727032378729699,0.009636509777382367,0.005458437086706173,0.004712105534167019,0.01840304157637019,0.010158568796423455,0.015240868915963757,0.01222341736923897,0.008488156942195759,0.0002709440350233079,0.006993615663067843,0.0024573134553055216,0.011443014198637242,0.004527367626619845
Actinomycetota,Thermoleophilia,Gaiellales,0.00431115846385088,Gaiella,Gaiella occulta,0.014836538916330112,9.353641888559045e-05,0.0013449540800802772,0.01076725240919949,0.016621919374914144,0.006828558583702534,0.018853804078987645,0.019516104218748026,0.02500930189767176,0.014542235173542596,0.01844640847039798,0.003370501926631562,0.007901846116143332,0.019479977236647402,0.007159343696977238,0.0071920169401863895,0.017472632316580427,0.024855689104228116,0.008200942467794457,0.0048711516928617625,0.001239011360952977,0.002995434676080423,0.0031015830325497045,0.010870497471721417
Bacteroidota,Flavobacteriia,Flavobacteriales,0.012710745798016147,Flavobacterium,Flavobacterium johnsoniae,0.008089705541234359,0.04391207277803705,0.002663286475394782,0.005784803195117342,0.0031135693721450978,0.009735356538898659,0.004464957925976335,0.00688464059944738,0.02436268411171394,0.00999785771092386,0.0020213795838610058,0.007563428103422547,0.0004325321482385121,0.005575889882096358,0.010836851963695856,0.0029901394465489087,0.01759120965218806,0.00518986062629368,0.006867923358931979,0.0051612116303365995,0.003026714057094073,0.0070879996396531085,0.0038663121520159144,0.004011647629862849
Pseudomonadota,Betaproteobacteria,Burkholderiales,0.01555102241941438,Duganella,Duganella rivi,0.012132382042868279,0.04222318467847886,0.0037914992362302704,0.00926592624470933,0.009284829741171155,0.004212593144731877,0.0044268621914226045,0.002990562618929108,0.0012089142678139814,0.00435930327946929,0.005598884702272491,0.016976710530012342,0.0020157835184590536,0.0022791392234538955,0.0067808115752948615,0.013250092368960574,0.015609390601637296,0.017682676536963877,0.0031847281115181285,0.003751391499855781,0.007125511063483571,0.007859801344956755,0.009599617420636922,0.004209579541160066
Pseudomonadota,Betaproteobacteria,Burkholderiales,0.004267401599179243,Piscinibacter,Piscinibacter sakaiensis,0.00025054041342833806,0.0011187343825914985,0.004786259623129887,0.017792029646249777,0.006606326720528156,0.034824203422303905,0.01228281698238641,0.009380960491372218,0.019499282451137426,0.009680092158546516,0.0029289878110728826,0.00792472929271396,0.005777373994891459,0.024375928842100013,0.009078256570411159,0.002202046963076134,0.0018049487133754937,0.01199018222421337,0.004327023444919843,0.0020203824863739175,0.007552466031213648,0.003302130095197794,0.004376490198623844,0.0013186247596571887
Bacteroidota,Chitinophagia,Chitinophagales,0.0006167359280995516,Niabella,Niabella terrae,0.01707820596903598,0.0187478191190274,0.008637171400260255,0.003508670461121217,0.02172512719963623,0.015546288502190145,0.015183021178631562,0.0006207201390974635,0.003490640597202226,0.005727944383323965,8.154811704855081e-05,0.005014981322617858,0.009781862386312637,0.009785362368416789,0.003283021697029502,0.015858959953251532,0.015216416393304504,0.003352624326639367,0.009694724359590179,0.00451683814552021,0.01867403548497789,0.006655901464730872,0.00403821232814879,0.0008802128983534926
Bacillota,Bacilli,Bacillales,0.018284098229234904,Calidifontibacillus,Calidifontibacillus oryziterrae,0.005682187432528821,0.010627796114888299,0.013024155982325597,0.012357609933641026,0.0007498756699022281,0.005970145628077512,0.02243857779299362,0.014173141658118584,0.01774109090699684,0.007077830833616197,0.03464471779979735,0.013635355253618565,0.022582132893504178,0.002623519296261753,0.017887418161967625,0.003354124397301205,0.007827387506670431,0.0014712734510576907,0.0020772111909723137,0.006461695311104107,0.017688170951620848,0.006712202682628546,0.007589012003168246,0.0012642672424692503
Bacteroidota,Chitinophagia,Chitinophagales,0.0027354145436071227,Sediminibacterium,Sediminibacterium roseum,0.02171504095129764,0.020192878098665597,0.0036538584443788886,0.015024893976283558,0.00022692574220687362,0.010475086144018644,0.0008132796799336546,0.02266521317872569,0.01226327429308711,0.00039947839468145916,0.03003693590137877,0.0021120393897598078,0.030281674950108563,0.005364207298640225,0.01440895905246341,0.028090491052889577,0.009810717485941886,0.010793710208336743,0.004059641824969422,0.0005093841013800412,0.006245657147092996,0.0031133349683663296,0.018797206315282713,0.0036273136397245672
Cyanobacteriota,Cyanophyceae,Oscillatoriales,0.020039202791171357,Symplocastrum,Symplocastrum torsivum,0.0037095422010048457,0.00990613256463811,0.01255689275529378,0.00047139219191585387,0.00119039619538951,0.0023103881378623305,0.008622493508178156,0.017402710495097767,0.009078973091171573,0.0029964510655194373,0.004990367819362575,0.003523622830995557,0.010839450070474642,0.009090170912721558,0.0012362789433567013,0.0038122407563358648,0.0018169083184001384,0.019593400587500993,0.0029971528547716136,0.014089463487194675,0.006675754293651801,0.007693414492083314,0.002293922507609131,0.005925326598686239
Thermodesulfobacteriota,Desulfovibrionia,Desulfovibrionales,0.008783800612161791,Desulfonatronum,Desulfonatronum lacustre,0.007772466943661061,0.0003693135781307536,0.0007628978415859673,0.013189802596358756,0.03383848871949733,0.007909416956734113,0.009991957698508016,0.0031200208626650733,0.0015088419592399678,0.024382082937449624,0.04224845481437542,0.016231802298543783,0.004535804974644309,0.0016578649246090523,0.014209779036947924,0.004554705861417858,0.001760630467594822,0.007653292451833199,0.012897957250186002,0.030274346158864474,0.0014980012058826194,0.0008801078133043803,0.004256566189519985,0.016186332406910833
Cyanobacteriota,Cyanophyceae,Acaryochloridales,0.006161535640658185,Acaryochloris,Acaryochloris marina,0.011526193843120158,0.001640572789730762,0.002608751058764749,0.0009865263537430435,0.004767897340469199,0.012520594348590234,0.0038908834217800973,0.01494313117288703,0.0015278177856240058,0.004225557215930248,0.0036152939755566566,5.211381617896722e-05,0.004275492717680534,0.00040600750273587165,0.005176374813515456,0.0033443981785413637,0.002157194089665932,0.005387595582172571,0.003275801510601602,0.003044785984026183,0.000961682760127028,0.006782117856542021,3.2110956999767084e-06,0.014151147569627891
Pseudomonadota,Gammaproteobacteria,Arenicellales,0.0010946531683771782,Arenicella,Arenicella xantha,0.0034497844506876756,0.006917883945895285,0.006923395308865588,0.0009475901679152312,0.0011717290539399172,0.013485519514338289,0.0004827263366120307,0.009128633736938837,0.0051978879413415715,0.004901565873407045,0.0034993856678350492,0.01962458939561273,0.0015444277885008325,0.007011420641129028,0.029710234902126154,0.010298936635857625,0.015412158303190282,0.013871883382037159,0.020923821888059448,0.01504045914380748,0.0030998447603976524,0.006641829696954187,0.004539399436414897,0.009352514085234758
Pseudomonadota,Alphaproteobacteria,Hyphomicrobiales,0.004146540870105376,Shinella,Shinella zoogloeoides,0.015610178607047382,0.0015771341800096983,0.021907776625881455,0.008036635025271131,0.002589722741581297,0.010085925110806295,0.004351257769097499,0.011930947978573546,0.00016175564985839927,0.019692736144912352,0.002543252452667472,0.0024831715143428367,0.009934619314198352,0.0025792887996881043,0.0485383396753699,0.016630350242220964,0.00436275925630473,0.024076697003510342,0.005019258910229306,0.019903093470142123,0.004035215015822198,0.0006339350745494393,0.004271619943173174,0.01067502662348318
Cyanobacteriota,Cyanophyceae,Nostocales,0.01460918182883392,Amazonocrinis,Amazonocrinis nigriterrae,0.018347815843335582,0.003336376936915203,0.011873490224025722,0.0015802336608068902,0.0023437198417015394,0.033560816007168974,0.0483132910795433,0.016357271072485073,0.018587469273935987,0.007038237616854402,0.012211019936946156,0.0027422200511751853,0.00445097809394353,0.008853958689561788,0.02119110066375252,0.006622928506447242,0.010303921113255284,0.031322138606660214,0.004417744521890007,0.030500246090462396,0.0071597766159640554,0.0055266154334627695,0.005853713212254328,0.00337406959416951
Bacillota,Clostridia,Eubacteriales,0.006260312915059836,Natranaerovirga,Natranaerovirga pectinivora,0.006088537533936527,0.015132271236012212,0.015083408669427655,0.0005386171734158239,0.01009781801099691,0.004966753113996914,0.003971388186967164,0.012790041630321054,0.022419476449877965,0.019142268192780955,0.0030013772528098975,0.011343916941816619,0.004097533425066952,0.00924556871693892,0.018079420006596795,0.006064741020369139,0.0015830880403313221,0.004642149062338374,0.013741789244713858,0.0009392632628501218,0.0010267151074628128,0.011594069876130242,0.006616348171353263,0.030480473033357682
Bacillota,Clostridia,Lachnospirales,0.003902333841257613,Mobilitalea,Mobilitalea sibirica,0.019006359642200543,0.006577268934034152,0.0015079348868317726,0.010123450543667178,0.013117514115923656,0.0028456267927298587,0.0022902988123222755,0.005703148380865511,1.3370640017125966e-05,0.004478062940263476,0.006425501822962628,0.036533648966042366,0.0004231190824496336,0.041201290264089044,0.0045566133000574756,0.0010750392372036659,0.005552240042262182,0.005344239211962173,0.003525843395345365,0.008724207769081385,0.0008419213523251914,0.004361541887821782,0.014907955428613433,0.0032758047926873084
Actinomycetota,Actinomycetes,Mycobacteriales,0.012669658081116525,Corynebacterium,Corynebacterium casei,0.0034127409212857283,0.010921250433862094,0.0013329569740789268,0.0051375903819300996,0.004966837741207002,0.031465458057002946,0.02190059459836241,0.018574807267921937,0.0019415734938082498,0.005304654345513598,0.014558056163954117,0.003818479989086697,0.019584083584828875,0.010623966582944455,0.0010232823089557327,0.006625876720062105,0.011629516045494774,0.038079615646584096,0.01115628439279597,0.016879529489518555,0.006874762869500779,0.06312820471849297,0.006141355559759195,0.024321369423409334
Bacteroidota,Sphingobacteriia,Sphingobacteriales,0.003846789680886438,Mucilaginibacter,Mucilaginibacter pineti,0.01256136564412884,0.0059083142261820215,0.025266926181340597,0.009770656912938267,0.00026013449001051,0.02971775999887504,0.0005220239249917609,0.0027169088405914585,0.027779295844568383,0.0013043421610409547,6.181056188567543e-05,0.020953249726252655,0.014879474021534804,0.01145171949027023,0.0015149921721197817,0.01669075773595642,0.005789820818647673,0.02447885892619361,0.014874695465684562,0.007215734732711157,0.0008775128371244998,0.01836311908263762,0.005605537533805793,0.015267106328184421
Bacillota,Tissierellia,Tissierellales,0.012405435656999156,Anaerosalibacter,Anaerosalibacter massiliensis,0.003168041781463942,0.0020641113457308927,0.0025910203615800635,0.015409900474705314,0.005231678356585311,0.01383928708769725,0.011608775662799413,0.0023851056422109366,0.007502949334105692,0.02053251535883706,0.01135005888756066,0.0019953183412167504,0.0016245677957899846,0.005392348869232705,0.006894427004856358,0.008749033976841314,0.025068735087134995,0.02352059305563986,0.011187985996679606,0.021692463448503764,0.0034175921259879697,0.001373985981296987,0.004234100736079971,0.01334038773097642
Bacillota,Bacilli,Bacillales,0.0026378366352186413,Peribacillus,Peribacillus psychrosaccharolyticus,0.0066873560416852865,0.05773078257533687,0.001146989382690709,0.008896990832810764,0.004616483324419942,0.009084934492445754,0.010586936056698222,0.010825740812013554,0.009120139463530843,0.009683852723338039,0.01011937717847309,0.006857674641726675,0.003637260415298505,0.007706320723291307,0.004093368265032969,0.025526273694146187,0.00573521922666542,0.0035862215614338,0.0008374369448860408,0.007787842799625739,0.059111943995152065,0.006494014277831261,0.032462389515367486,0.000251388193064041
Bacillota,Clostridia,Eubacteriales,0.011555797025094103,Clostridium,Clostridium novyi,0.022160838541147667,0.022784528702516845,0.009724282333775397,0.0011695440627943765,0.00021661732589436957,0.05205129589580414,0.059564262930282934,0.007126559818915481,0.0006108045805143982,0.0010901958195967917,0.037537653517883796,0.002917711990578499,0.00161433257734287,0.007165323403412015,0.016104098648054774,0.0040462894037485864,0.0253021621404129,0.004472067532950654,0.01387565786819929,0.0008123622500298726,0.0063897421748276275,0.002117018067337219,0.0015646059797256948,0.0076251167297559
Bacteroidota,Flavobacteriia,Flavobacteriales,0.01070306743364195,Chryseobacterium,Chryseobacterium aureum,0.006432182645417321,0.011302301813634522,0.0031170333580693736,0.0010835833953916482,0.03032366919802028,0.003739211809710967,0.004491546061393215,0.01616234656915254,0.0020773101179087992,0.008474471808087755,0.005196666798721523,0.00501172078700993,0.011639359114522725,0.01642204153784636,0.002940215903466112,4.021849212309576e-05,0.0006579983912119214,0.03632465816537142,0.00021139593132862584,0.0036039387031625964,0.0008006843801341484,0.019838089746965305,0.00311688597406118,0.001024668080484285
Pseudomonadota,Gammaproteobacteria,Pseudomonadales,0.021909982834549462,Pseudomonas,Pseudomonas chengduensis,0.008409260241790294,0.03271071618370225,0.0025153459916021984,0.0034003022214022702,0.005938659289140228,0.005710275869709652,0.0014239959045027836,0.001823898261228804,0.002725469656691876,0.0037745270337031286,0.008675954213805823,0.001760686928493536,0.0029166610279032696,0.00023310989914167673,0.001558388902968302,0.01681216811329264,0.005994663161500359,0.009706734755038934,0.006363456385419476,0.03364555277606673,0.008664138265809175,0.008252442642792233,0.004309750308413945,0.008884001454396918
Cyanobacteriota,Cyanophyceae,Chroococcales,0.007087933731085153,Neochroococcus,Neochroococcus gongqingensis,0.006572964710241965,0.001961618338534179,0.00027058511876314293,0.012205458284476646,0.0047794638765436565,0.01072008979385372,0.0036392471086583483,0.0010381448629096543,0.0037138077694745517,0.0023194780014509243,0.0016405011764472697,0.01520830178913267,0.0032880506023634497,0.0041598668582031005,0.010910587383872726,0.00276786423993097,0.003401587417039509,0.011134478338755222,0.004729667485847096,0.01484081532729476,0.01677648145139839,0.003068970174071253,0.00030866499438514736,0.026306036669652866
Pseudomonadota,Gammaproteobacteria,Cellvibrionales,0.0012630005242839073,Porticoccus,Porticoccus litoralis,0.010400082050159661,0.0020543898711315356,0.001322638763500974,0.0071568967634374515,0.010331329824856591,0.013434510567740345,0.017093175568570766,0.01210135731274451,0.002293352947707206,0.004720714774104181,0.004884907117951869,0.00036415112106113226,0.003599994262090566,0.0128539241476194,0.00011336618553422188,0.03765491138661255,0.02665831889206482,0.010082470365581716,0.048642279547658505,0.014225781085823296,0.00032716467399510204,0.0020679330423445633,0.0017090779766731525,0.005162544408091088
Mycoplasmatota,Mollicutes,Entomoplasmatales,0.017851214945109894,Spiroplasma,Spiroplasma diminutum,0.011786242815363729,0.001430681341856428,0.00012565544404528214,0.0021757754843038605,0.0030225076449698217,0.013328175486912792,0.001779322033823609,0.04808238025204267,0.0027244224183003056,0.02067338621896382,0.004583381424952921,0.015575903532732461,0.0048069758015672984,0.014295823116252918,0.02011701926815631,0.005270076730587887,0.01221263737420035,0.0026837511749772808,0.006305684395635101,0.030908958037248718,0.004231140436416797,0.019512037866469763,0.0023841387638569274,0.007149286984535902
Bdellovibrionota,Bacteriovoracia,Bacteriovoracales,0.008057407012276497,Halobacteriovorax,Halobacteriovorax marinus,0.013875543165357487,0.007684438452915538,0.0002604323695509051,0.0008067425437538461,0.0009756856267480428,0.003242099259988542,0.0011196564008844538,0.0034273903265429864,0.0012597183574914997,0.011525835405557485,0.0019845551765306163,0.028343274771465796,0.004119429289712794,0.0049588628777837715,0.010747483420419075,0.015328153555151852,9.40900043230045e-05,0.00027192422037682507,0.0033354908951972427,0.0059310687730883575,0.02743652804478901,0.006178180219705152,0.010709532077830744,0.00036419821881706797
Bacteroidota,Chitinophagia,Chitinophagales,0.01192932680786781,Filimonas,Filimonas endophytica,0.01929405350333006,0.00799414657186026,0.004071623834877917,0.02093725595792747,0.02049834852446587,0.005485196320331672,0.003659271761895645,0.005689593397521922,0.012052462042435569,0.004321678351618409,0.0031603093160053326,0.010456933227873376,0.00258946103552719,0.020853567807777428,0.011864707193198779,0.02795809589338767,0.00198773713529408,0.002851780384221316,0.0038023878116690934,0.010713191336017834,0.008122808277148837,0.03609354752231848,0.016893756805738642,0.0006975279050974477
Bacteroidota,Chitinophagia,Chitinophagales,0.008116293234281974,Sediminibacterium,Sediminibacterium salmoneum,0.006379608849144973,0.0025703848542421963,0.0012796102176130463,0.014598755269210041,0.0013351141979853285,0.007710408639692316,0.00977915261946836,0.0012457918674688632,0.004687438186746179,0.006249430927954672,0.005926124664335109,0.0010411334082000765,0.0009053585380868763,0.0008291469763275989,0.0026328393308045813,0.0032079282026626363,0.012435376792655628,0.02151613696690622,0.004783694711982468,0.011104091423301085,0.01959883057033694,0.008205680727614736,0.01400571013843368,0.022838615367029965
Myxococcota,,Haliangiales,0.03484091059528595,Haliangium,Haliangium ochraceum,0.01129313646752687,0.0017720472136758267,0.031527246921461145,0.009870364974359693,0.028872047148713612,0.0027586464933266673,0.01066588173040655,0.0006009933397166756,0.005580980180506811,0.003786569200603564,0.02089208654072466,0.0021282369152635172,0.006210556687381231,0.0018620384549209025,0.012940419497196055,0.0028980599317817613,0.0006298568666601011,0.0007006463192721656,0.0043199701030574465,0.010848714658523407,0.02216159013140218,0.0072704810786886,0.018112987530536313,0.009001814315611166
Thermodesulfobacteriota,Desulfuromonadia,Desulfuromonadales,0.014314119291101182,Desulfuromonas,Desulfuromonas svalbardensis,0.0004089647540704478,0.019585628703356422,0.032046893902615295,0.022295127592981252,0.0015169341733227628,0.0007800222858082861,0.0032236959728535104,0.02156436944220877,0.004055290980725189,0.035089298084875424,0.000245346635112877,0.002657565380874717,0.0007747286950663351,0.027863502816683625,0.005242776389114185,0.006974572434805747,0.005977147960614185,0.008570693155149644,0.012429340315960645,0.013800676914710762,0.01938359828104334,0.004715703881848161,0.0018755523253660947,0.01072830304327948
Armatimonadota,Armatimonadia,Armatimonadales,0.004771489457712154,Armatimonas,Armatimonas rosea,0.0005534694800591232,0.0038990806185879587,0.02512818500161898,0.05656675094280726,0.011596053820135852,0.001916914777156507,0.007810477984933219,0.002368024262183242,0.00420288195683515,0.0025778832879033813,0.02169491034267979,0.0015355487019058553,0.013368721715913275,0.004783432044340661,0.0005230177186689785,0.007576305735518902,0.010183666894944305,0.002825840062822793,0.0004391764533890175,0.0002956978823622956,0.00584626041072353,0.0046513774606669785,0.012875171256197143,0.000437317458915289
Thermodesulfobacteriota,Syntrophorhabdia,Syntrophorhabdales,0.03978373887694914,Syntrophorhabdus,Syntrophorhabdus aromaticivorans,0.006353622867981453,0.017182149059454588,0.02058694124427995,0.007981344099274352,0.011044929889560632,0.010639712585818292,0.005673814425196692,0.006916192835555127,0.002011196610193826,0.009332736015154856,0.012467534026866638,0.0018109014764397208,0.0042549153351962915,0.0010843146173413719,0.008846593283326609,0.004114653619733075,0.04047774028186666,0.01396435403355307,0.007656015875835894,0.003117616502486582,0.004301794949531193,0.010614656802887788,0.004094596033595632,0.01744173051115982
Pseudomonadota,Alphaproteobacteria,Rickettsiales,0.005631293736694928,Neorickettsia,Neorickettsia sennetsu,0.0020455492603991465,0.004812952065318966,0.0027581832351223777,0.016576107423533968,0.011020615622944154,0.0063130182695978684,0.005625241289325853,0.029786636028088617,0.0009743969461976776,0.00945253179137456,0.0024207880934612354,0.0008389738150118963,0.0010171775715991044,0.01153899198010407,0.011818590690297963,0.00578699901480524,0.006449982099598839,0.0008362110622044127,0.011362571345595193,0.01863221713948515,0.028816300346235488,0.002904620283887836,0.008977222198733021,0.03216951931347948
Bacteroidota,Chitinophagia,Chitinophagales,0.0014176255102614328,Panacibacter,Panacibacter ginsenosidivorans,0.006871375270358452,0.018149465800820858,0.037766966920489004,0.008367204167564108,0.007333410239961496,0.005706567477041467,0.0012174052585146897,0.009120921154979816,0.0007941198880768543,0.007784823252530277,0.010980236893663254,0.006395210930866069,7.997408317276192e-05,0.0034135411186424357,0.0067020292268502694,0.014274982392638228,0.014673441120557951,0.005149487173374085,0.02200729367190587,0.021813329250257307,0.004728184188300457,0.05936984229303529,0.028957324603888654,0.00813083685854397
Acidobacteriota,Blastocatellia,Blastocatellales,0.00040943935840731283,Aridibacter,Aridibacter kavangonensis,0.007994388993295083,0.015050281778316124,0.011658960537037029,0.008067118121502544,0.01245941494838705,0.007742323555459707,0.0017967688997787689,0.001476899978007249,0.04347239136009274,0.01085684011764703,0.014426093673585494,0.01708946184905068,0.007173301833303418,0.010597631736554853,0.005818554871466211,0.02974842498460482,0.006345464569462946,0.024546500276349078,0.0061629771116437195,0.008466911125205317,0.033540322249829814,0.0007507590269022552,0.00026184864901872664,0.02338398655036202
Cyanobacteriota,Cyanophyceae,Chroococcidiopsidales,0.002597424509429556,Aliterella,Aliterella antarctica,0.007033811847353619,0.0026386001551411886,0.04103864119487478,0.0012058912684949864,0.006763303733223606,0.006878947935686799,0.004055331733078056,0.01189852538942061,0.0057071770820161976,0.003034907655427616,0.0019206108177541757,0.014961311853129409,0.013004823628878217,0.00893176138712185,0.006832004545864953,0.003339624465403061,0.00903147819392359,0.0009044144214294539,0.002964082126166913,0.011994530833392449,0.0008508551743425086,0.0007311622608112318,0.003266434015572625,0.002604676014740376
Bacillota,Bacilli,Bacillales,0.015512021742804303,Peribacillus,Peribacillus frigoritolerans,0.006485937415673052,0.0014961204334805727,0.009150044468747655,0.021816225099873177,0.01392448082264637,0.012448592110306356,0.012492663709486847,0.003194956133583458,0.0015319644272061294,0.012670901300734713,0.02150067866199811,0.007714324696777142,0.013573012673867192,0.001464964699912284,0.0368096293623237,0.01773271694502172,0.0002939146223965069,0.02735924236527533,0.027294807719898468,0.0034747772955143977,0.004177585280547081,0.0066322793002673896,0.013355015083330469,0.002957041104631715
Pseudomonadota,Betaproteobacteria,Burkholderiales,0.0028625055513020895,Massilia,Massilia agri,0.024059853842814286,0.0007235054339143687,0.014147915294949005,0.0010321566763760086,0.0026222110585549245,0.0021332195226353833,0.017521982951229125,0.004286103169855175,0.0013714727926740355,0.023210783997822053,0.004333970276043822,0.021387081852926627,0.010513252775251636,0.009135165729802953,0.001381828281607631,0.009216020214609289,0.008075953661267005,0.0012117765647005087,0.02007553801596449,0.0026102094252361437,0.009570461943999345,0.006932897916008203,0.010189817388933065,0.00906646392767132
Thermotogota,Thermotogae,Petrotogales,0.012319552985066711,Marinitoga,Marinitoga hydrogenitolerans,0.022488952671174206,0.0036359586110318773,0.015345988015365814,0.012019118071694066,0.02365147166308891,0.0018903492063293004,0.01653559000529769,0.0038578512926069676,0.02369881779797373,0.0022565085338731874,0.0033708236209624045,0.01003741698335085,0.017375731638199308,0.005651405391229406,0.004701998983035219,0.026341247302553508,0.002963855729318137,5.9318206278468255e-05,0.01606140345647686,0.006151165002900292,0.004247893819558607,0.008662237173202293,0.02506765241774555,0.002854916061594136
Pseudomonadota,Gammaproteobacteria,Moraxellales,0.006393441247626779,Acinetobacter,Acinetobacter haemolyticus,0.01247896786792531,0.008714158868764416,0.007551645512312891,0.025689544466397065,0.0017751595242457843,0.012915965807881978,0.011830971111490925,0.007506832756436617,0.011158169916312436,0.0025464003288483976,0.0002132773612694648,0.0014989717920427356,0.01802009455624747,0.013124272080565458,0.003957506339547704,0.0008709879672555486,0.010290970352655335,0.02229379488523512,0.019634687334389875,0.00034145442287295853,0.008055062350487665,0.007639249824084556,0.0009350906898761144,0.002350902323735295
Pseudomonadota,Gammaproteobacteria,Methylococcales,0.012065356992667477,Methylomonas,Methylomonas koyamae,0.0016392256966387142,0.010895255755098227,0.009829204942379344,0.008448315762652453,0.03191848502584647,0.004144941239587685,0.008668596035635771,0.0032409181792904846,0.010599180518913563,0.0042696691313405125,0.002230421779915624,0.008582138977777569,0.009354243969559757,0.00543336181007699,0.007751416368716696,0.007590586825909555,0.009417994422884084,0.011008142188367443,0.0007095503104484406,0.0009642375980410985,0.010421534231272764,0.009509051407978463,0.005462577165606058,0.007160120575257208
Pseudomonadota,Alphaproteobacteria,Hyphomicrobiales,0.012965422305714501,Bartonella,Bartonella apis,0.007328376761488216,0.003979181556295162,0.016913640260956944,0.010628892995556033,0.0006640252844153998,0.007986449192448805,0.00013307224616245818,0.00893667071692213,0.027209581129147644,0.04387491363965163,0.0010606646634066614,0.005755608472105865,0.009282931043186709,0.0007695172474615992,0.0033885311272119573,0.009279894853942318,0.002295994593200121,0.0017640476750397397,0.022097753274800853,0.006876697770485051,0.0027601440255159686,0.004898385318052505,0.012837467332394775,0.006691743491116828
Cyanobacteriota,Cyanophyceae,Nostocales,0.0320915850967748,Brasilonema,Brasilonema angustatum,0.0029340368514990324,0.006760929105811324,7.84241517538098e-05,0.0051051545102768535,0.0073782031741927495,0.0067306673903373415,0.017635003775486952,0.018391033449419808,0.00540131501888181,0.012676903620854718,0.004089852362756951,0.009585876865624626,0.0014067939526196495,0.015993067082379152,0.004833317998291577,0.04479609418322728,0.004223193403771004,0.002834359615941979,0.0114899217184197,0.0026387710964090325,0.0455921504213725,0.03019855222972696,0.0017688812856618014,0.00989403147053281
Cyanobacteriota,Cyanophyceae,Synechococcales,0.005692859982100402,Sodaleptolyngbya,Sodaleptolyngbya stromatolitii,0.0036117409318683086,0.009159634055995656,0.02435210789360554,0.014910971191637019,1.298680498844655e-05,0.00579014658091131,0.022792357400341516,0.0015491793322934641,0.0033682482050622705,0.0082178429071706,0.02038255392503172,0.0022926098259613116,0.004329072296515856,0.0008775837598548491,0.008616658751655494,0.00013493649266655753,0.0170785498902137,0.004305627812667147,0.020587860321924306,0.002814150241507568,0.0030065483317376195,0.01020300918290604,0.01805347321537316,0.0061811767429734155
Pseudomonadota,Gammaproteobacteria,Enterobacterales,0.0022144803400983492,Enterobacter,Enterobacter soli,0.02079068553166896,0.02225390763005712,0.0042807355903612425,0.006620597612089694,0.02554949482658391,0.02588649172586601,0.018116452840559124,0.06478150671806258,0.00592600231458636,0.01437914096444084,0.01027030455813412,0.004967688116022264,0.025954529585756857,0.04826172346996706,0.001924137054394853,0.001638197066274966,0.005249776621418111,0.002942704366008315,0.006317359370526807,0.0009440432025493277,0.011515973245760052,0.016392673646609256,0.010862256468310598,0.023254002827876794
Cyanobacteriota,Cyanophyceae,Synechococcales,0.010492570594834204,Altericista,Altericista lacusladogae,0.013959690145518299,0.0027330021493913105,0.0008054909598473534,0.005491822535225822,0.00016765769649793223,0.002916750805148557,0.0033775249994746526,0.016366049000785567,0.015720019337013873,0.020525827485068735,0.009620397058653671,0.0076130111033543375,0.007182797682818525,0.0003371286188932828,0.013620017670676056,0.006498006848085729,0.003975626862343593,0.009831425178868246,0.01329791463986768,0.026857785291668792,0.0011388019001205018,0.004786669464479954,0.0030194322386165556,0.009530000832950782
Bacillota,Bacilli,Bacillales,0.0025785002728367728,Paenibacillus,Paenibacillus xylanexedens,0.024021838626352147,0.005055657929741906,0.004380947652425148,0.014302579895909181,0.004161405635078162,0.01136953242249137,0.0022651091043643253,0.0004540104727581425,0.022715707867077932,0.0038429493125301238,0.007521659442054554,0.002766616238850758,0.00024259172945392842,0.01067990552215776,0.0019027706841543302,0.004675140503971409,0.021774611410192164,0.004851493528906742,0.000906131801573591,0.021429018412967404,0.003654147969625974,0.025812760069594685,0.005344762590566239,0.032047713046070056
Chloroflexota,Anaerolineae,Anaerolineales,0.014367205538822472,Ornatilinea,Ornatilinea apprima,0.0014078301419897183,0.004045605948967962,0.0017468952972546589,0.001971373969050217,0.02147100553076073,0.0032151700775869888,0.008294432627082788,0.007793670941229902,0.005684163192649257,0.004014231059245426,0.0009989886711727436,0.03610119757203746,0.023927735290083876,0.012359996222991504,0.015178995933347261,0.005897513809226694,0.014509823153491424,0.01593285324252053,0.0047356463591904365,7.658797150853993e-05,0.027939659659550697,0.0019222803750475377,0.004580681503951186,0.009048038735603108
Pseudomonadota,Alphaproteobacteria,Rickettsiales,0.009327575712989863,Rickettsia,Rickettsia conorii,0.00228410682606054,0.0032980381002951924,0.0049545134508980045,0.002561301170052635,0.00833222144651193,0.024012778355970755,0.011921870494287182,0.006931231427673047,0.0018664517617006454,0.008032014898202215,0.002659245588487469,0.0012797064643785751,0.00541339228299349,0.0019181709864106908,0.013883587415506242,0.012339396947155775,0.0023049092284802347,0.0031143267735019953,0.003255888930555533,0.00022668912474199055,0.0376249066584299,0.002499955477009387,0.0134706311542753,0.009992121710289162
Bacteroidota,Chitinophagia,Chitinophagales,0.009340671610680517,Flavipsychrobacter,Flavipsychrobacter stenotrophus,0.0012997871927841109,0.00483432682785348,0.009522831514306326,0.024538815192456504,0.017173579994207478,0.008592255199986715,0.018279870468792928,0.003460126957001379,0.001416609573958977,0.009195726507718579,0.012070283809797747,0.0424795063547982,0.003987926670367556,0.0033049944113756344,0.0037008591361040997,0.009842284453919898,0.0017904759942651812,0.006136032417553333,0.006040156195809838,0.0015288292732807726,0.0009347684714776439,0.007566758030203099,0.01856908797374247,0.01700230432962551
Pseudomonadota,Alphaproteobacteria,Sphingomonadales,0.01154339831034371,Sandarakinorhabdus,Sandarakinorhabdus cyanobacteriorum,0.010949558446343599,0.0033508438818223565,0.004845522537632024,0.00208294449913952,0.0039688408869391545,0.01067004998696274,0.008541006459357209,0.004298158129399796,8.100041819155373e-06,0.005389582691889267,0.007316617082826689,0.02448567272822552,0.007726408856913326,0.0072062394701492265,0.0003907223145797329,0.009025954329316672,0.0015497900216740275,0.003296396088482684,0.03961535146236914,0.01319115209684947,0.023176397460314344,0.009125115574108018,0.015167602496335052,0.001711951611945514
Pseudomonadota,Alphaproteobacteria,Hyphomicrobiales,0.0011969213324538842,Rhizobium,Rhizobium rhizogenes,0.001180750493446893,0.029831314152245825,0.0031326999630448688,0.005861353632743657,0.0021294166058957115,0.003868967425015475,0.03795778152562493,0.009424258817887056,0.02486340204417715,0.006740646585224251,0.005674545246623322,0.023900887994547447,0.013879072078304749,0.023429379506547315,0.009552678012169535,0.0009795578515346887,0.02906616656516359,0.018308627646576318,0.00032648585830563886,0.0018291433365787376,0.01378410809161475,0.02625759389131584,0.006230000181965563,0.0049103421588528075
Pseudomonadota,Gammaproteobacteria,Legionellales,0.005528124570661646,Aquicella,Aquicella lusitana,0.00017822635098595238,0.014751037018229026,0.0006726585804499204,0.0012004749653722684,0.0003430537932656205,0.027285343703417998,0.01710552673650708,0.0013730554548116792,0.02279053338322592,0.0032211484147997706,0.0032407276909495195,0.0038020077853389224,0.009328937253817473,0.01763898825623793,0.009043252031578717,0.008140380161382268,0.009744287952088738,0.00389845361733895,0.017167480965290048,0.018338099615376333,0.016537230082491493,0.007651486639099677,0.0165579350636918,0.02479453852624065
Bacteroidota,Sphingobacteriia,Sphingobacteriales,0.006331718389441787,Albibacterium,Albibacterium bauzanense,0.0183858219460374,0.009867883195460848,0.008458155393439672,0.0011015782201676343,0.022794005706839173,0.006484664899712868,0.007457185174969969,0.004327112266451377,0.0014140707731960804,0.014459689996138211,0.0108728854453492,0.025883881850448095,0.0388618175932098,0.0557500363097932,0.009395577439733991,0.008439578322351484,0.007702348630690746,0.003912359084527076,0.019947258014454218,0.00015246406000917346,0.0038807096386930967,0.0053227082064139656,0.0018193504233925514,0.006685867638758672
Bacillota,Clostridia,Eubacteriales,0.004266744356978625,Anaerobacterium,Anaerobacterium chartisolvens,0.008476362661192524,0.003215714459430438,0.004259901647756408,0.023597034339980203,0.0003795112891599671,0.017585314565493646,0.009514073450026079,0.0005797281290237564,0.01011284254440292,0.009262830671096336,0.023319022580036722,0.0020365202167937505,0.004311646799390684,0.01550098855090978,0.023547784940681386,0.008201315233930882,0.011521733845380133,0.0014174752299838881,0.024727208683103553,0.000512502601522521,0.0026030542670540256,0.005848974525925643,0.024434381322071326,0.00899233797886555
Pseudomonadota,Alphaproteobacteria,Sphingomonadales,0.004830696758597339,Sphingomonas,Sphingomonas metalli,0.014850246255609283,0.007194631228505555,0.007420884951982488,0.005380577322612457,0.0025035480180173268,0.0071096880853136705,0.0036955134465724887,0.012499773426143918,0.007791609758738803,0.010552443035124709,0.02162586295617619,0.033069428648265814,0.014458811124890942,0.0065408454200002065,0.009203231293229154,0.0009355740137717602,0.014676692441274583,0.02556010126796972,0.015861579645715232,0.0072159507419137575,0.007246437624591138,0.011779590417128288,0.0009079239757754441,0.009438900360287831
Campylobacterota,Epsilonproteobacteria,Campylobacterales,0.004869583041234044,Arcobacter,Arcobacter acticola,0.016315982615391317,0.0031872455778770015,0.012479082295410159,0.01793691847072053,0.0024127835680865365,0.006701176096029377,0.01303891996404093,0.0009944163893074553,0.02214268829101124,0.003966195859260303,0.006462424174913726,0.05960604251117766,0.012098392708652097,0.008670735031587795,0.015380421096592777,0.02559718572567783,0.010397298068984658,0.017013124109776043,0.005233675539168829,0.008409390788124839,0.010785505264222662,0.0045440950200474435,0.011021358612852562,0.01735022197113092
Pseudomonadota,Gammaproteobacteria,Pseudomonadales,0.002750692199987746,Pseudomonas,Pseudomonas rhodesiae,0.036002679744441365,0.011692397551627801,0.01290771574666714,0.006393905865444878,0.013161996288223376,0.02380787638169506,0.014093304720063756,0.006485694499161698,0.0001855786197540585,0.0010571600179587399,0.00300007613183169,0.007926583588193524,0.02698207244891857,0.01670012084259805,0.0029232583701834535,0.0019383599141047404,0.005365225677587647,0.003791204809933516,0.03627411062940368,0.030053530008927812,0.0050590045104303635,0.0037800794469514173,0.0042465471572616705,0.004124471988166962
Pseudomonadota,Gammaproteobacteria,Chromatiales,0.016517444095661377,Allochromatium,Allochromatium vinosum,0.006266868816190824,0.006846951476683326,0.003994248539819622,0.004237281324560727,0.010721341782281506,0.007231583854459214,0.0012709945116214318,0.00883528989432653,0.015069441697612306,0.0001004689459202994,0.010687188370067383,0.019330342883252274,0.0008475810654632813,0.021096898250408027,0.009276738100051295,0.012102457300697545,0.0002608058513756553,0.029817860171834007,0.0018105292212281673,0.010600601377932381,0.01692844353551438,0.016965778697394983,0.0029948157300472896,0.00803144111909517
Mycoplasmatota,Mollicutes,Entomoplasmatales,0.0026295772304944375,Spiroplasma,Spiroplasma ixodetis,0.008624814410832722,0.00043810764478260803,0.007633083722611102,0.004520242339466624,0.01013335409894947,0.013463465848949543,0.007144826800249592,0.024969686823161048,0.010313682951735901,0.013614690244668042,0.02566631591696316,0.008502924895933288,0.013307382312735094,0.004119921218494276,0.0014939745102606813,0.006305789302338669,0.0013151361393438298,0.009902657337892402,0.004289237706922962,0.007085552255915332,0.013824111640788407,0.011011235372061947,0.055914981004171395,0.003789564785866617
Pseudomonadota,Alphaproteobacteria,Hyphomicrobiales,0.0020826309510853717,Liberibacter,Liberibacter crescens,0.0006868136685675995,0.01915250279994506,0.0015254988080139844,0.028429417340804973,0.0018070182628142034,0.003933475647655498,0.02062208368055809,0.024683701269854197,0.010024818812291796,0.012199644329001474,0.013004449746236822,0.002479540717043055,0.0042262364535964455,0.008229635466774871,5.595300395224373e-05,0.008368271494807856,0.013018605701311341,0.008607676183453067,0.005615955326316642,0.015928446342205613,0.00028868060446100136,0.02638764765411912,0.03414903888693837,0.01614812102351576
Pseudomonadota,Gammaproteobacteria,Alteromonadales,0.07146006142260186,Agarivorans,Agarivorans gilvus,0.025752264962367207,0.0014477675327805963,0.003733651283223128,0.0024788323080611693,0.024550404663901307,0.004902273807975655,0.013241679318903236,0.0028282930732523408,0.002006363701089478,0.00139832697252795,0.003604036303128739,0.0026495126754475895,0.00616016787632405,0.01499275771963076,0.01366630419487787,0.0016337139149403723,0.00983157310548179,0.00012301461778450298,0.0028023939293109887,0.002112964642362903,0.00129073749332649,0.01373291099599113,0.017772402096548397,0.02402143979942571
Cyanobacteriota,Cyanophyceae,Nostocales,0.006766801290457331,Pseudoaliinostoc,Pseudoaliinostoc constrictum,0.0004374799829180532,0.01179686331339745,0.008219208848980437,0.001009724024166949,0.009851473031404346,0.0012971957743377464,0.005297633038478302,0.013922680746804951,0.00042270157293956584,0.01458594097537333,0.0008520141767580144,0.0004795183178123847,0.005633556541484799,0.004341717425727092,0.0038515954916914317,0.027907653015645118,0.004443707006610045,0.023019911650552515,0.0049290883464811345,0.006997348217272404,0.02053686557105265,0.004421660405599124,0.007849533988018492,0.02783494119486704
Myxococcota,,Haliangiales,0.00755915217224965,Haliangium,Haliangium tepidum,0.04050688218437016,0.00925847237255249,0.023856363789261193,0.0007055989168733695,0.002361850017566036,0.0037744824453801212,0.00668740469325561,0.01549480036969207,0.01136954720634353,0.0314791125602922,0.0002816751805491872,0.002023636255887804,0.009288570169106124,0.00011768506143198684,0.004995910420922759,0.008652948545147488,0.014680381142866981,0.008537566515570921,0.007701326838715744,0.003870537166393547,0.01188704287603253,0.009642532141626756,0.0206706225241095,0.011482870733122713
Pseudomonadota,Gammaproteobacteria,Oceanospirillales,0.0007481038736553337,Thalassolituus,Thalassolituus oleivorans,0.011765675594984253,0.0017539368033698502,0.0013881496365491081,0.003639803926838434,0.030904641173197342,0.009472785392942006,0.006302209336024228,0.0025261977751784384,0.00571952490454022,0.0010193681201556204,0.0003239199240696722,0.0017515862750388878,0.02865507154086476,1.481562930063526e-06,0.019273744768077333,0.004282978554577222,0.012123086182509756,0.021610776332837377,0.005822078944489083,0.019736362877549343,0.015108409599212646,0.0070273784299337465,0.010921073767508104,0.009600400168906618
Bacteroidota,Sphingobacteriia,Sphingobacteriales,0.0002541252658547222,Pedobacter,Pedobacter steynii,0.019653524193880858,0.013435230163481887,0.009645527986496602,0.003141659504743294,0.0009614485776674373,0.016030289888034937,0.005045272415312359,0.005435117873710238,0.015158539891617223,0.016883835950119205,0.016302153044671933,0.012584984990097482,0.0027862271482392395,0.004870046861182443,0.009598908094852459,0.03330006647870244,0.03626318561356366,0.001628725079862345,0.031270897335800706,0.0019498199797209831,0.0031185538195719906,0.004085823261395179,0.003623494958382105,0.014035450777304025
Pseudomonadota,Alphaproteobacteria,Rhodobacterales,0.001512985380559176,Aestuariicoccus,Aestuariicoccus marinus,0.0018762355252279,0.015048796318832732,0.00796505285922914,0.004068503431952673,0.01813973298053901,0.015316508613899044,0.005836952046333777,0.0060388898991815135,0.024101506807376858,0.001226218124748504,0.0006104495296804545,0.0007560982627676383,0.00038810870804955846,0.0006855435891917349,0.0005324923983173846,0.00013111496176161272,0.00487802154817907,0.007809648141858234,5.0344434012480155e-05,0.0015307147166931329,0.001706917489192235,0.022290341499383706,0.01677932697588022,0.019802617887938932
Pseudomonadota,Alphaproteobacteria,Sphingomonadales,0.002356641423494808,Novosphingobium,Novosphingobium aromaticivorans,0.013848057339104238,0.010959121599694305,0.0037040067433931918,0.0037991867076513485,0.011053844066296052,0.0029736294745305405,0.02063371236535839,0.013202352055382545,0.004581009608579845,0.017534757979326007,0.006582833231351105,0.00756630501512578,0.004037414295650506,0.008142869526555086,0.00920275152068973,0.01185746127408593,0.020700316594412606,0.012224392053152639,0.012662466969804175,0.010893410515039894,0.003987109536702484,0.0005423065564624499,0.01970945689764548,0.0013497962878695903
Pseudomonadota,Gammaproteobacteria,Pasteurellales,0.013043016195757358,Rodentibacter,Rodentibacter heidelbergensis,0.0028907349103458138,0.0036567318789165627,0.0016327326234180997,0.001234573827056158,0.0060962662500720155,0.0020755510525862723,0.008682892697345537,0.006904843322515633,0.010853882531194502,0.006863775718438611,0.004738024701380054,0.0040237953156586,0.00380136752322301,0.0020445945722831686,0.0037462281909960904,0.0034525470037275246,0.005222704478543234,0.004250357443318083,0.020496141321254397,0.0004835454028215506,0.017392611892620317,0.002232082667099988,0.0016228559282563048,0.0013607690755850542
Pseudomonadota,Gammaproteobacteria,Pseudomonadales,0.0028672592922089454,Pseudomonas,Pseudomonas khazarica,0.004328056458857465,0.00047843092705870304,0.021618064771956207,0.01315888831227356,0.009213350364283716,0.011458258187351739,0.026548255399301435,0.010127556757936149,0.004775706480641097,0.004697863518365097,0.003273755162752905,0.004887661383340514,0.01282747028063982,0.009251484241963369,0.03827387305220237,0.0012259398208859479,0.005693891060764835,0.0012314437829503819,0.0063526648312837546,0.0011587869485260487,0.005582290533286777,0.0005129013848628496,0.0009487165436932073,0.012542867989169947
